Year,2019,,,,,2020,,,,,2021,,,,,2022,,,,,2023,,,,,2024,,,,,2025,,,,
Location,Total cases,New smear positive cases,Population,Relative TB ,Relative Smear +ve,Total cases,New smear positive cases,Population,Relative TB ,Relative Smear +ve,Total cases,New smear positive cases,Population,Relative TB ,Relative Smear +ve,Total cases,New smear positive cases,Population,Relative TB ,Relative Smear +ve,Total cases,New smear positive cases,Population,Relative TB ,Relative Smear +ve,Total cases,New smear positive cases,Population,Relative TB ,Relative Smear +ve,Total cases,New smear positive cases,Population,Relative TB ,Relative Smear +ve
ANDHRAPRADESH_ANANTAPUR,5223.31,2534.66,4394615,0.12,0.06,5217.99,2533.5,4429336,0.12,0.06,5218.71,2533.97,4463991,0.12,0.06,5218.96,2534.13,4492062,0.12,0.06,5219.04,2534.18,4520199,0.12,0.06,5219.07,2534.19,4548270,0.11,0.06,5219.08,2534.2,4576341,0.11,0.06
ANDHRAPRADESH_CHITTOOR,4825.14,2392.49,4488416,0.11,0.05,4805.61,2385.27,4523878,0.11,0.05,4804.17,2385.39,4559273,0.11,0.05,4804.72,2385.06,4587943,0.1,0.05,4804.66,2385.12,4616680,0.1,0.05,4804.68,2385.08,4645350,0.1,0.05,4804.68,2385.09,4674020,0.1,0.05
ANDHRAPRADESH_EASTGODAVARI,12120.28,5946.18,5544292,0.22,0.11,12096,5928.86,5588097,0.22,0.11,12115.93,5939.27,5631819,0.22,0.11,12105.72,5933.83,5667233,0.21,0.1,12111.04,5936.68,5702731,0.21,0.1,12108.26,5935.19,5738145,0.21,0.1,12109.72,5935.97,5773559,0.21,0.1
ANDHRAPRADESH_GUNTUR,7215.6,3434.55,5261972,0.14,0.07,7220.03,3435.03,5303546,0.14,0.06,7223.63,3435.15,5345041,0.14,0.06,7225.13,3435.03,5378652,0.13,0.06,7225.79,3434.93,5412342,0.13,0.06,7226.1,3434.86,5445953,0.13,0.06,7226.25,3434.83,5479564,0.13,0.06
ANDHRAPRADESH_KRISHNA,5414.4,2485.08,4874290,0.11,0.05,5413.8,2486.55,4912801,0.11,0.05,5413.76,2486.56,4951239,0.11,0.05,5413.76,2486.56,4982374,0.11,0.05,5413.76,2486.56,5013582,0.11,0.05,5413.76,2486.56,5044717,0.11,0.05,5413.76,2486.56,5075852,0.11,0.05
ANDHRAPRADESH_KURNOOL,6097.13,2288,4355103,0.14,0.05,6099.61,2290.99,4389512,0.14,0.05,6101.51,2292.05,4423856,0.14,0.05,6102.11,2292.37,4451674,0.14,0.05,6102.3,2292.47,4479558,0.14,0.05,6102.36,2292.49,4507376,0.14,0.05,6102.37,2292.5,4535194,0.13,0.05
ANDHRAPRADESH_PRAKASAM,4469.71,1934.33,3651420,0.12,0.05,4463.32,1933.1,3680269,0.12,0.05,4462.93,1933.18,3709064,0.12,0.05,4462.87,1933.19,3732388,0.12,0.05,4462.86,1933.19,3755766,0.12,0.05,4462.86,1933.2,3779090,0.12,0.05,4462.86,1933.2,3802414,0.12,0.05
ANDHRAPRADESH_SRIKAKULAM,3635.87,1709.54,2905271,0.13,0.06,3639.85,1710.83,2928225,0.12,0.06,3639.92,1710.85,2951136,0.12,0.06,3639.92,1710.85,2969694,0.12,0.06,3639.92,1710.85,2988295,0.12,0.06,3639.92,1710.85,3006853,0.12,0.06,3639.92,1710.85,3025411,0.12,0.06
ANDHRAPRADESH_SRIPOTTISRIRAMULUNELLORE,3628.99,1706.52,3192208,0.11,0.05,3612.88,1703.84,3217429,0.11,0.05,3612.4,1703.66,3242602,0.11,0.05,3612.43,1703.64,3262992,0.11,0.05,3612.44,1703.63,3283430,0.11,0.05,3612.44,1703.63,3303820,0.11,0.05,3612.44,1703.63,3324210,0.11,0.05
ANDHRAPRADESH_VISAKHAPATNAM,6015.41,2786.85,4615031,0.13,0.06,6017.64,2787.71,4651494,0.13,0.06,6017.65,2787.7,4687888,0.13,0.06,6017.65,2787.69,4717367,0.13,0.06,6017.65,2787.69,4746915,0.13,0.06,6017.65,2787.69,4776394,0.13,0.06,6017.65,2787.69,4805873,0.13,0.06
ANDHRAPRADESH_VIZIANAGARAM,4148.44,1885.6,2521482,0.16,0.07,4145.48,1886.11,2541404,0.16,0.07,4145.85,1886.31,2561288,0.16,0.07,4145.9,1886.35,2577394,0.16,0.07,4145.9,1886.35,2593538,0.16,0.07,4145.91,1886.35,2609644,0.16,0.07,4145.91,1886.35,2625750,0.16,0.07
ASSAM_BONGAIGAON,2355.88,640.87,805114,0.29,0.08,2421.29,646.8,813918,0.3,0.08,2422.25,647.1,822722,0.29,0.08,2422.34,647.15,830587,0.29,0.08,2422.36,647.16,838452,0.29,0.08,2422.36,647.17,846293,0.29,0.08,2422.36,647.17,854158,0.28,0.08
ASSAM_CACHAR,3312.68,1069.06,1908081,0.17,0.06,3335.89,1070.88,1928946,0.17,0.06,3335.95,1070.89,1949811,0.17,0.05,3335.95,1070.89,1968451,0.17,0.05,3335.95,1070.89,1987091,0.17,0.05,3335.95,1070.89,2005675,0.17,0.05,3335.95,1070.89,2024315,0.16,0.05
ASSAM_DHEMAJI,1496.72,468.13,756143,0.2,0.06,1495.76,470.51,764412,0.2,0.06,1495.06,471.08,772681,0.19,0.06,1496.21,471.85,780068,0.19,0.06,1497.41,472.55,787455,0.19,0.06,1498.48,473.17,794820,0.19,0.06,1499.44,473.73,802207,0.19,0.06
ASSAM_DIBRUGARH,3149.52,1216.34,1459092,0.22,0.08,3107.38,1216.25,1475047,0.21,0.08,3106.7,1216.18,1491002,0.21,0.08,3106.73,1216.19,1505256,0.21,0.08,3106.73,1216.19,1519510,0.2,0.08,3106.73,1216.19,1533721,0.2,0.08,3106.73,1216.19,1547975,0.2,0.08
ASSAM_GOLAGHAT,1700.26,792.4,1163403,0.15,0.07,1755.28,798.45,1176125,0.15,0.07,1755.6,798.53,1188847,0.15,0.07,1755.61,798.54,1200212,0.15,0.07,1755.61,798.54,1211577,0.14,0.07,1755.61,798.54,1222908,0.14,0.07,1755.61,798.54,1234273,0.14,0.06
ASSAM_HAILAKANDI,689.8,335.73,724475,0.1,0.05,704.56,338.17,732397,0.1,0.05,704.75,338.19,740319,0.1,0.05,704.75,338.19,747396,0.09,0.05,704.75,338.19,754473,0.09,0.04,704.75,338.19,761529,0.09,0.04,704.75,338.19,768606,0.09,0.04
ASSAM_JORHAT,1398.85,515.33,1199250,0.12,0.04,1480.04,527.52,1212364,0.12,0.04,1482.69,528.83,1225478,0.12,0.04,1484.77,529.95,1237193,0.12,0.04,1486.62,530.94,1248908,0.12,0.04,1488.26,531.82,1260588,0.12,0.04,1489.71,532.6,1272303,0.12,0.04
ASSAM_KAMRUP,3463.21,1012.4,1667289,0.21,0.06,3496.74,1019.56,1685521,0.21,0.06,3505.77,1024.37,1703753,0.21,0.06,3513.25,1028.62,1720040,0.2,0.06,3519.88,1032.4,1736327,0.2,0.06,3525.78,1035.77,1752566,0.2,0.06,3531.02,1038.76,1768853,0.2,0.06
ASSAM_KARIMGANJ,1082.46,464.72,1337395,0.08,0.03,1101.7,469.28,1352020,0.08,0.03,1104.85,469.96,1366645,0.08,0.03,1107.46,470.52,1379710,0.08,0.03,1109.77,471.14,1392775,0.08,0.03,1111.8,471.93,1405801,0.08,0.03,1113.6,472.63,1418866,0.08,0.03
ASSAM_LAKHIMPUR,1589.48,702.44,1143587,0.14,0.06,1677.6,713.43,1156092,0.15,0.06,1677.99,713.47,1168597,0.14,0.06,1677.99,713.47,1179768,0.14,0.06,1677.99,713.47,1190939,0.14,0.06,1677.99,713.47,1202077,0.14,0.06,1677.99,713.47,1213248,0.14,0.06
ASSAM_NAGAON,2799.47,1207.67,3105563,0.09,0.04,2802.04,1211.18,3139523,0.09,0.04,2802.02,1211.2,3173483,0.09,0.04,2802.02,1211.2,3203820,0.09,0.04,2802.02,1211.2,3234157,0.09,0.04,2802.02,1211.2,3264404,0.09,0.04,2802.02,1211.2,3294741,0.09,0.04
ASSAM_NALBARI,1621.26,561.57,846080,0.19,0.07,1501.35,544.15,855332,0.18,0.06,1491.7,542.37,864584,0.17,0.06,1490.63,542.18,872849,0.17,0.06,1490.52,542.16,881114,0.17,0.06,1490.5,542.15,889354,0.17,0.06,1490.5,542.15,897619,0.17,0.06
ASSAM_SIVASAGAR,2261.89,735.27,1264038,0.18,0.06,2318.06,741.98,1277860,0.18,0.06,2318.52,742,1291682,0.18,0.06,2318.52,742,1304030,0.18,0.06,2318.52,742,1316378,0.18,0.06,2318.52,742,1328689,0.17,0.06,2318.52,742,1341037,0.17,0.06
ASSAM_SONITPUR,3490.3,1684.04,2116496,0.16,0.08,3522.85,1694.98,2139640,0.16,0.08,3527.11,1697.23,2162784,0.16,0.08,3528.66,1698.06,2183460,0.16,0.08,3529.25,1698.37,2204136,0.16,0.08,3529.46,1698.48,2224750,0.16,0.08,3529.54,1698.53,2245426,0.16,0.08
ASSAM_TINSUKIA,2931.96,1165.65,1447225,0.2,0.08,2974.86,1170.52,1463051,0.2,0.08,2975.17,1170.54,1478877,0.2,0.08,2975.18,1170.54,1493015,0.2,0.08,2975.18,1170.54,1507153,0.2,0.08,2975.18,1170.54,1521248,0.2,0.08,2975.18,1170.54,1535386,0.19,0.08
BIHAR_PATNA,4797.9,1458.87,6627975,0.07,0.02,4793.2,1454.44,6726796,0.07,0.02,4789.47,1453.68,6825561,0.07,0.02,4788.33,1453.6,6927376,0.07,0.02,4787.98,1453.62,7029247,0.07,0.02,4787.86,1453.63,7131062,0.07,0.02,4787.82,1453.64,7232933,0.07,0.02
BIHAR_SAMASTIPUR,2035.68,1104.43,4885077,0.04,0.02,2033.72,1105.29,4957912,0.04,0.02,2027.85,1104.33,5030706,0.04,0.02,2022.78,1103.48,5105748,0.04,0.02,2018.43,1102.75,5180831,0.04,0.02,2014.7,1102.12,5255873,0.04,0.02,2011.5,1101.57,5330956,0.04,0.02
GOA_NORTHGOA,1343.12,484.98,863159,0.16,0.06,1367.26,488.34,868203,0.16,0.06,1367.99,488.63,873808,0.16,0.06,1368.13,488.69,878292,0.16,0.06,1368.16,488.71,882776,0.15,0.06,1368.16,488.71,887260,0.15,0.06,1368.17,488.71,891744,0.15,0.05
GOA_SOUTHGOA,1082.27,416.93,675491,0.16,0.06,1044.49,412.25,679439,0.15,0.06,1044.32,412.18,683825,0.15,0.06,1044.32,412.18,687334,0.15,0.06,1044.32,412.18,690843,0.15,0.06,1044.32,412.18,694352,0.15,0.06,1044.32,412.18,697861,0.15,0.06
GUJARAT_BHARUCH,2230,1128,1743160,0.13,0.06,2247.23,1135.51,1766920,0.13,0.06,2247.25,1135.54,1790680,0.13,0.06,2247.24,1135.53,1812747,0.12,0.06,2247.23,1135.53,1834788,0.12,0.06,2247.23,1135.53,1856855,0.12,0.06,2247.23,1135.53,1878922,0.12,0.06
GUJARAT_GANDHINAGAR,2372.65,858.74,1559561,0.15,0.06,2364.88,859.67,1580819,0.15,0.05,2364.66,859.4,1602077,0.15,0.05,2364.43,859.14,1621819,0.15,0.05,2364.22,858.91,1641538,0.14,0.05,2364.04,858.7,1661280,0.14,0.05,2363.88,858.52,1681022,0.14,0.05
GUJARAT_JAMNAGAR,2281.32,975.92,2426913,0.09,0.04,2297.73,980.18,2459993,0.09,0.04,2297.85,980.21,2493073,0.09,0.04,2297.85,980.21,2523795,0.09,0.04,2297.85,980.21,2554482,0.09,0.04,2297.85,980.21,2585204,0.09,0.04,2297.85,980.21,2615926,0.09,0.04
GUJARAT_RAJKOT,3837.87,1556.82,4271032,0.09,0.04,3846.55,1528.51,4329248,0.09,0.04,3845.85,1517.76,4387464,0.09,0.03,3845.53,1513.68,4441531,0.09,0.03,3845.41,1512.13,4495535,0.09,0.03,3845.36,1511.55,4549602,0.08,0.03,3845.34,1511.33,4603669,0.08,0.03
GUJARAT_SURAT,8281.7,3462.97,6833201,0.12,0.05,8307.49,3456.71,6926341,0.12,0.05,8299.34,3452.22,7019481,0.12,0.05,8296.91,3450.91,7105982,0.12,0.05,8296.2,3450.53,7192383,0.12,0.05,8295.99,3450.41,7278884,0.11,0.05,8295.93,3450.38,7365385,0.11,0.05
GUJARAT_VADODARA,4025.85,1562.6,4673204,0.09,0.03,4019.29,1563.23,4736902,0.08,0.03,4019.47,1562.23,4800600,0.08,0.03,4019.5,1562.05,4859758,0.08,0.03,4019.51,1562.02,4918847,0.08,0.03,4019.51,1562.01,4978005,0.08,0.03,4019.51,1562.01,5037163,0.08,0.03
GUJARAT_VALSAD,1936.92,1003.57,1914291,0.1,0.05,1939.56,1013.98,1940384,0.1,0.05,1939.61,1013.93,1966477,0.1,0.05,1939.58,1013.91,1990710,0.1,0.05,1939.58,1013.91,2014915,0.1,0.05,1939.58,1013.91,2039148,0.1,0.05,1939.58,1013.91,2063381,0.09,0.05
HARYANA_BHIWANI,2215.44,870.53,1842521,0.12,0.05,2194.94,870.2,1868547,0.12,0.05,2195.28,870.1,1894637,0.12,0.05,2195.59,870.02,1917964,0.11,0.05,2195.85,869.95,1941291,0.11,0.04,2196.08,869.89,1964682,0.11,0.04,2196.28,869.84,1988009,0.11,0.04
HARYANA_FARIDABAD,3548.51,1050.69,2034620,0.17,0.05,3561.87,1050.72,2063360,0.17,0.05,3561.88,1050.72,2092171,0.17,0.05,3561.88,1050.72,2117930,0.17,0.05,3561.88,1050.72,2143689,0.17,0.05,3561.88,1050.72,2169519,0.16,0.05,3561.88,1050.72,2195278,0.16,0.05
HARYANA_PANCHKULA,1464.21,620.82,632104,0.23,0.1,1503.16,622.88,641033,0.23,0.1,1506.29,624.17,649984,0.23,0.1,1508.54,625.09,657987,0.23,0.1,1510.16,625.75,665990,0.23,0.09,1511.33,626.21,674015,0.22,0.09,1512.17,626.53,682018,0.22,0.09
HARYANA_YAMUNANAGAR,1175.72,568.5,1373216,0.09,0.04,1171.96,570.18,1392613,0.08,0.04,1171.74,570.14,1412058,0.08,0.04,1171.77,570.14,1429444,0.08,0.04,1171.77,570.14,1446830,0.08,0.04,1171.77,570.14,1464263,0.08,0.04,1171.77,570.14,1481649,0.08,0.04
HIMACHALPRADESH_KANGRA,2883.12,993.14,1602729,0.18,0.06,2920.79,992.47,1613048,0.18,0.06,2920.79,992.47,1623367,0.18,0.06,2920.79,992.47,1631490,0.18,0.06,2920.79,992.47,1639613,0.18,0.06,2920.79,992.47,1647736,0.18,0.06,2920.79,992.47,1655859,0.18,0.06
HIMACHALPRADESH_KULLU,3336.12,612.44,465195,0.72,0.13,3320.96,611.35,468190,0.71,0.13,3320.86,611.5,471185,0.7,0.13,3320.68,611.46,473543,0.7,0.13,3320.64,611.46,475901,0.7,0.13,3320.62,611.46,478259,0.69,0.13,3320.61,611.46,480617,0.69,0.13
HIMACHALPRADESH_MANDI,2864.77,803.83,1062853,0.27,0.08,2868.09,803.54,1069696,0.27,0.08,2868.09,803.54,1076539,0.27,0.07,2868.09,803.54,1081926,0.27,0.07,2868.09,803.54,1087313,0.26,0.07,2868.09,803.54,1092700,0.26,0.07,2868.09,803.54,1098087,0.26,0.07
HIMACHALPRADESH_SHIMLA,2670.91,695.32,864923,0.31,0.08,2637.67,695.37,870492,0.3,0.08,2637.67,695.37,876061,0.3,0.08,2637.67,695.37,880445,0.3,0.08,2637.67,695.37,884829,0.3,0.08,2637.67,695.37,889213,0.3,0.08,2637.67,695.37,893597,0.3,0.08
HIMACHALPRADESH_SIRMAUR,1284.17,380.38,563757,0.23,0.07,1326.12,379.3,567387,0.23,0.07,1326.14,379.31,571017,0.23,0.07,1326.17,379.32,573874,0.23,0.07,1326.18,379.32,576731,0.23,0.07,1326.18,379.32,579588,0.23,0.07,1326.18,379.32,582445,0.23,0.07
HIMACHALPRADESH_SOLAN,1196.3,450.07,613210,0.2,0.07,1221.72,453.76,617158,0.2,0.07,1223.19,454.6,621106,0.2,0.07,1223.56,454.81,624214,0.2,0.07,1223.65,454.87,627322,0.2,0.07,1223.67,454.88,630430,0.19,0.07,1223.68,454.89,633538,0.19,0.07
HIMACHALPRADESH_UNA,932.8,364.84,554072,0.17,0.07,934.35,364.73,557639,0.17,0.07,934.36,364.73,561206,0.17,0.06,934.36,364.73,564014,0.17,0.06,934.36,364.74,566822,0.16,0.06,934.36,364.74,569630,0.16,0.06,934.36,364.74,572438,0.16,0.06
JHARKHAND_DHANBAD,2211.88,854.63,3041698,0.07,0.03,2217.78,851.21,3085124,0.07,0.03,2216.31,849.48,3128550,0.07,0.03,2215.14,848.75,3169049,0.07,0.03,2214.27,848.44,3209466,0.07,0.03,2213.62,848.31,3249883,0.07,0.03,2213.14,848.25,3290382,0.07,0.03
JHARKHAND_RANCHI,3321.61,1349.18,3301758,0.1,0.04,3324.63,1357.93,3348897,0.1,0.04,3328.37,1359.76,3396036,0.1,0.04,3329.46,1360.29,3439997,0.1,0.04,3329.78,1360.44,3483870,0.1,0.04,3329.88,1360.48,3527743,0.09,0.04,3329.9,1360.5,3571704,0.09,0.04
KARNATAKA_BIDAR,2186.5,754.86,1790680,0.12,0.04,2216.22,794.15,1800384,0.12,0.04,2213.76,775.66,1810088,0.12,0.04,2214.44,785.74,1816432,0.12,0.04,2214.06,780.24,1822741,0.12,0.04,2214.27,783.24,1829050,0.12,0.04,2214.16,781.61,1835359,0.12,0.04
KARNATAKA_CHITRADURGA,2320.81,1140.92,1748927,0.13,0.07,2309.39,1136.35,1758405,0.13,0.06,2306.34,1134.8,1767883,0.13,0.06,2304.77,1133.99,1774079,0.13,0.06,2304.07,1133.64,1780241,0.13,0.06,2303.74,1133.47,1786403,0.13,0.06,2303.59,1133.39,1792565,0.13,0.06
KARNATAKA_DAKSHINAKANNADA,2616.42,1097.65,2194747,0.12,0.05,2684.96,1102,2206641,0.12,0.05,2686.02,1102.05,2218535,0.12,0.05,2686.03,1102.05,2226310,0.12,0.05,2686.03,1102.05,2234043,0.12,0.05,2686.04,1102.05,2241776,0.12,0.05,2686.04,1102.05,2249509,0.12,0.05
KARNATAKA_DAVANAGERE,2323.26,1060.27,2050737,0.11,0.05,2329.68,1063.72,2061851,0.11,0.05,2330.27,1064.02,2072965,0.11,0.05,2330.35,1064.06,2080230,0.11,0.05,2330.36,1064.06,2087456,0.11,0.05,2330.36,1064.06,2094682,0.11,0.05,2330.36,1064.06,2101908,0.11,0.05
KARNATAKA_DHARWAD,1753.86,768.46,1945496,0.09,0.04,1750.87,768.82,1956039,0.09,0.04,1751,768.87,1966582,0.09,0.04,1751.02,768.87,1973474,0.09,0.04,1751.03,768.86,1980329,0.09,0.04,1751.03,768.86,1987184,0.09,0.04,1751.03,768.86,1994039,0.09,0.04
KARNATAKA_HASSAN,1744.54,946.96,1870948,0.09,0.05,1758.78,947.72,1881087,0.09,0.05,1759.64,947.95,1891226,0.09,0.05,1759.88,948.03,1897854,0.09,0.05,1759.97,948.06,1904446,0.09,0.05,1760,948.07,1911038,0.09,0.05,1760.01,948.08,1917630,0.09,0.05
KARNATAKA_HAVERI,2003.8,922.77,2050737,0.1,0.04,2014.96,924.38,2061851,0.1,0.04,2015.03,924.39,2072965,0.1,0.04,2015.03,924.39,2080230,0.1,0.04,2015.03,924.39,2087456,0.1,0.04,2015.03,924.39,2094682,0.1,0.04,2015.03,924.39,2101908,0.1,0.04
KARNATAKA_KOLAR,1630.86,841.59,1622372,0.1,0.05,1621.7,838.9,1631164,0.1,0.05,1621.54,838.86,1639956,0.1,0.05,1621.53,838.85,1645703,0.1,0.05,1621.53,838.85,1651419,0.1,0.05,1621.53,838.85,1657135,0.1,0.05,1621.53,838.85,1662851,0.1,0.05
KARNATAKA_MANDYA,1733.53,981.52,1905138,0.09,0.05,1720.01,978.38,1915462,0.09,0.05,1711.63,976.63,1925786,0.09,0.05,1707.05,976.04,1932535,0.09,0.05,1703.47,975.35,1939248,0.09,0.05,1701.37,975.06,1945961,0.09,0.05,1699.83,974.77,1952674,0.09,0.05
KARNATAKA_RAICHUR,3054.63,1617.77,1683756,0.18,0.1,3052.31,1616.25,1692881,0.18,0.1,3052.12,1616.43,1702006,0.18,0.09,3052.04,1616.5,1707971,0.18,0.09,3052.01,1616.52,1713904,0.18,0.09,3052,1616.53,1719837,0.18,0.09,3052,1616.53,1725770,0.18,0.09
KERALA_ALAPPUZHA,2030.7,963.95,2230423,0.09,0.04,2120.22,967.24,2241920,0.09,0.04,2122.31,967.34,2253417,0.09,0.04,2122.46,967.37,2262524,0.09,0.04,2122.49,967.37,2271568,0.09,0.04,2122.49,967.38,2280675,0.09,0.04,2122.49,967.38,2289719,0.09,0.04
KERALA_ERNAKULAM,2916.79,1386.95,3447539,0.08,0.04,2922.42,1389.44,3465310,0.08,0.04,2922.87,1389.67,3483081,0.08,0.04,2922.97,1389.72,3497157,0.08,0.04,2922.99,1389.73,3511135,0.08,0.04,2923,1389.73,3525211,0.08,0.04,2923,1389.73,3539189,0.08,0.04
KERALA_KOLLAM,2581.7,1208.68,2764143,0.09,0.04,2591.38,1209.65,2778392,0.09,0.04,2590.96,1209.29,2792641,0.09,0.04,2590.75,1209.18,2803927,0.09,0.04,2590.68,1209.14,2815135,0.09,0.04,2590.66,1209.13,2826421,0.09,0.04,2590.65,1209.13,2837629,0.09,0.04
KERALA_KOTTAYAM,2223.33,1123.92,2080579,0.11,0.05,2329.61,1136.12,2091304,0.11,0.05,2338.87,1139.33,2102029,0.11,0.05,2341.87,1141.01,2110524,0.11,0.05,2343.5,1141.97,2118960,0.11,0.05,2344.42,1142.53,2127455,0.11,0.05,2344.95,1142.85,2135891,0.11,0.05
KERALA_KOZHIKODE,2525.01,976.38,3247492,0.08,0.03,2575.51,978.56,3264232,0.08,0.03,2574.96,978.21,3280972,0.08,0.03,2574.69,978.09,3294231,0.08,0.03,2574.6,978.05,3307398,0.08,0.03,2574.56,978.03,3320657,0.08,0.03,2574.55,978.03,3333824,0.08,0.03
KERALA_PALAKKAD,2647.08,1315.06,2954597,0.09,0.04,2644.64,1316.35,2969827,0.09,0.04,2644.42,1316.3,2985057,0.09,0.04,2644.4,1316.29,2997120,0.09,0.04,2644.4,1316.29,3009100,0.09,0.04,2644.4,1316.29,3021163,0.09,0.04,2644.4,1316.29,3033143,0.09,0.04
KERALA_THIRUVANANTHAPURAM,2970.98,1339.19,3476363,0.09,0.04,2973.28,1340.85,3494283,0.09,0.04,2973.23,1340.76,3512203,0.08,0.04,2973.25,1340.77,3526397,0.08,0.04,2973.24,1340.76,3540492,0.08,0.04,2973.24,1340.77,3554686,0.08,0.04,2973.24,1340.77,3568781,0.08,0.04
KERALA_WAYANAD,1339.2,506.58,858303,0.16,0.06,1346.96,515.88,862727,0.16,0.06,1346.92,516.27,867151,0.16,0.06,1347.03,516.35,870655,0.15,0.06,1347.06,516.37,874135,0.15,0.06,1347.07,516.37,877639,0.15,0.06,1347.07,516.37,881119,0.15,0.06
MADHYAPRADESH_BHOPAL,3761.63,1175.57,2681334,0.14,0.04,3745.46,1166.93,2718571,0.14,0.04,3741.38,1164.53,2755808,0.14,0.04,3739.95,1163.72,2789458,0.13,0.04,3739.46,1163.44,2823076,0.13,0.04,3739.29,1163.35,2856694,0.13,0.04,3739.23,1163.32,2890312,0.13,0.04
MADHYAPRADESH_CHHATARPUR,2724.2,1635.53,1995995,0.14,0.08,2758.11,1657.26,2023714,0.14,0.08,2757.75,1657.13,2051433,0.13,0.08,2757.25,1656.93,2076482,0.13,0.08,2756.81,1656.75,2101507,0.13,0.08,2756.42,1656.6,2126532,0.13,0.08,2756.08,1656.46,2151557,0.13,0.08
MADHYAPRADESH_DEWAS,1414.32,603.35,1769832,0.08,0.03,1421.26,604.03,1794411,0.08,0.03,1421.36,604.04,1818990,0.08,0.03,1421.36,604.04,1841201,0.08,0.03,1421.36,604.04,1863391,0.08,0.03,1421.36,604.04,1885581,0.08,0.03,1421.36,604.04,1907771,0.07,0.03
MADHYAPRADESH_DHAR,3223.69,1407.49,2473598,0.13,0.06,3228.56,1410.88,2507950,0.13,0.06,3228.66,1410.92,2542302,0.13,0.06,3228.66,1410.92,2573345,0.13,0.05,3228.66,1410.92,2604358,0.12,0.05,3228.66,1410.92,2635371,0.12,0.05,3228.66,1410.92,2666384,0.12,0.05
MADHYAPRADESH_GWALIOR,3081.5,1153.5,2299087,0.13,0.05,3105.42,1173.02,2331016,0.13,0.05,3104.89,1172.83,2362945,0.13,0.05,3104.94,1172.69,2391798,0.13,0.05,3104.9,1172.68,2420623,0.13,0.05,3104.9,1172.67,2449448,0.13,0.05,3104.9,1172.67,2478273,0.13,0.05
MADHYAPRADESH_RATLAM,1988.52,699.68,1646841,0.12,0.04,1975.95,700.1,1669712,0.12,0.04,1976.42,699.86,1692583,0.12,0.04,1976.83,699.63,1713251,0.12,0.04,1977.18,699.43,1733899,0.11,0.04,1977.5,699.26,1754547,0.11,0.04,1977.77,699.1,1775195,0.11,0.04
MADHYAPRADESH_SAGAR,1466.76,705.22,2692828,0.05,0.03,1525.78,724.14,2730225,0.06,0.03,1525.43,723.85,2767622,0.06,0.03,1525.3,723.76,2801417,0.05,0.03,1525.27,723.73,2835179,0.05,0.03,1525.26,723.73,2868941,0.05,0.03,1525.26,723.73,2902703,0.05,0.02
MADHYAPRADESH_SATNA,3202.49,1051.71,2523357,0.13,0.04,3252.5,1071.72,2558400,0.13,0.04,3253.37,1071.29,2593443,0.13,0.04,3253.78,1070.96,2625111,0.12,0.04,3254.04,1070.75,2656748,0.12,0.04,3254.2,1070.62,2688385,0.12,0.04,3254.3,1070.53,2720022,0.12,0.04
MADHYAPRADESH_SHAHDOL,1127.23,357.86,1205833,0.09,0.03,1158.73,374.74,1222579,0.09,0.03,1158.79,374.8,1239325,0.09,0.03,1158.79,374.8,1254458,0.09,0.03,1158.79,374.8,1269576,0.09,0.03,1158.79,374.8,1284694,0.09,0.03,1158.79,374.8,1299812,0.09,0.03
MADHYAPRADESH_SINGRAULI,995.46,383.52,1333941,0.07,0.03,958.48,396.09,1352466,0.07,0.03,958.43,396.15,1370991,0.07,0.03,958.43,396.15,1387732,0.07,0.03,958.43,396.15,1404457,0.07,0.03,958.43,396.15,1421182,0.07,0.03,958.43,396.15,1437907,0.07,0.03
MADHYAPRADESH_UJJAIN,2355.14,801.68,2249328,0.1,0.04,2349.16,801.9,2280566,0.1,0.04,2348.57,801.75,2311804,0.1,0.03,2348.44,801.71,2340033,0.1,0.03,2348.41,801.69,2368234,0.1,0.03,2348.4,801.69,2396435,0.1,0.03,2348.4,801.69,2424636,0.1,0.03
MAHARASHTRA_AKOLA,1835.6,706.81,1976876,0.09,0.04,1853.81,722.07,1995358,0.09,0.04,1857.89,725.3,2013840,0.09,0.04,1859.05,726.26,2029603,0.09,0.04,1859.39,726.54,2045366,0.09,0.04,1859.49,726.62,2061145,0.09,0.04,1859.52,726.65,2076908,0.09,0.03
MAHARASHTRA_AMRAVATI,2941.58,1086.59,3139133,0.09,0.03,2943.53,1089.67,3168481,0.09,0.03,2944.17,1089.82,3197829,0.09,0.03,2944.34,1089.86,3222859,0.09,0.03,2944.4,1089.87,3247889,0.09,0.03,2944.42,1089.88,3272945,0.09,0.03,2944.42,1089.88,3297975,0.09,0.03
MAHARASHTRA_AURANGABAD,3253.41,1563.96,4017557,0.08,0.04,3294.12,1582.3,4055117,0.08,0.04,3308.49,1588.87,4092677,0.08,0.04,3317.03,1592.86,4124711,0.08,0.04,3322.14,1595.28,4156745,0.08,0.04,3325.2,1596.73,4188812,0.08,0.04,3327.04,1597.61,4220846,0.08,0.04
MAHARASHTRA_CHANDRAPUR,2408.27,928.09,2385211,0.1,0.04,2399.66,929.74,2407510,0.1,0.04,2399.69,929.79,2429809,0.1,0.04,2399.69,929.8,2448828,0.1,0.04,2399.69,929.8,2467847,0.1,0.04,2399.69,929.8,2486885,0.1,0.04,2399.69,929.8,2505904,0.1,0.04
MAHARASHTRA_JALGAON,4177.95,1634.37,4592061,0.09,0.04,4184.3,1642.68,4634992,0.09,0.04,4186.79,1643.9,4677923,0.09,0.04,4188.04,1644.51,4714538,0.09,0.03,4188.68,1644.82,4751153,0.09,0.03,4189.01,1644.98,4787806,0.09,0.03,4189.18,1645.06,4824421,0.09,0.03
MAHARASHTRA_JALNA,1551.88,479.68,2128913,0.07,0.02,1556.87,486.91,2148816,0.07,0.02,1555.95,487.45,2168719,0.07,0.02,1555.53,487.67,2185694,0.07,0.02,1555.34,487.77,2202669,0.07,0.02,1555.26,487.82,2219662,0.07,0.02,1555.22,487.83,2236637,0.07,0.02
MAHARASHTRA_KOLHAPUR,3357.53,1617.97,4211140,0.08,0.04,3374.69,1627.02,4250510,0.08,0.04,3376.57,1628.25,4289880,0.08,0.04,3377.5,1628.88,4323458,0.08,0.04,3377.98,1629.21,4357036,0.08,0.04,3378.23,1629.37,4390648,0.08,0.04,3378.36,1629.46,4424226,0.08,0.04
MAHARASHTRA_LATUR,2037.92,754.23,2669226,0.08,0.03,2051.25,752.59,2694180,0.08,0.03,2045.51,748,2719134,0.08,0.03,2042.66,745.73,2740417,0.07,0.03,2041.25,744.61,2761700,0.07,0.03,2040.55,744.05,2783005,0.07,0.03,2040.21,743.78,2804288,0.07,0.03
MAHARASHTRA_NAGPUR,4969.55,2349.25,5058098,0.1,0.05,4982.74,2355.41,5105386,0.1,0.05,4983.99,2358.16,5152674,0.1,0.05,4984.15,2359.37,5193005,0.1,0.05,4984.2,2359.98,5233336,0.1,0.05,4984.17,2360.26,5273709,0.09,0.04,4984.14,2360.4,5314040,0.09,0.04
MAHARASHTRA_NANDED,3539.23,1209.77,3648659,0.1,0.03,3561.52,1212.32,3682770,0.1,0.03,3563.94,1211.27,3716881,0.1,0.03,3564.9,1210.82,3745974,0.1,0.03,3565.31,1210.64,3775067,0.09,0.03,3565.47,1210.56,3804190,0.09,0.03,3565.54,1210.53,3833283,0.09,0.03
MAHARASHTRA_NASHIK,5203.28,2766.67,6640673,0.08,0.04,5233.84,2777.92,6702756,0.08,0.04,5233.74,2777.83,6764839,0.08,0.04,5233.67,2777.8,6817789,0.08,0.04,5233.65,2777.79,6870739,0.08,0.04,5233.64,2777.79,6923743,0.08,0.04,5233.64,2777.79,6976693,0.08,0.04
MAHARASHTRA_PUNE,8356.63,3794.96,10247309,0.08,0.04,8392.43,3811.66,10343110,0.08,0.04,8395.63,3812.9,10438911,0.08,0.04,8396.93,3813.41,10520619,0.08,0.04,8397.45,3813.62,10602327,0.08,0.04,8397.66,3813.71,10684119,0.08,0.04,8397.75,3813.74,10765827,0.08,0.04
MAHARASHTRA_RATNAGIRI,2281.95,925.02,1753011,0.13,0.05,2343.29,932.47,1769400,0.13,0.05,2343.48,932.46,1785789,0.13,0.05,2343.48,932.46,1799767,0.13,0.05,2343.48,932.46,1813745,0.13,0.05,2343.48,932.46,1827737,0.13,0.05,2343.48,932.46,1841715,0.13,0.05
MAHARASHTRA_SANGLI,2650.34,1015.46,3066027,0.09,0.03,2651.89,1018.81,3094691,0.09,0.03,2644.96,1016.34,3123355,0.08,0.03,2641.03,1014.9,3147802,0.08,0.03,2638.8,1014.06,3172249,0.08,0.03,2637.53,1013.57,3196721,0.08,0.03,2636.81,1013.28,3221168,0.08,0.03
MAHARASHTRA_SOLAPUR,3524.79,1555.84,4691075,0.08,0.03,3525.03,1558.53,4734932,0.07,0.03,3524.94,1555.36,4778789,0.07,0.03,3524.94,1553.66,4816194,0.07,0.03,3524.94,1552.74,4853599,0.07,0.03,3524.94,1552.26,4891042,0.07,0.03,3524.94,1551.99,4928447,0.07,0.03
MAHARASHTRA_THANE,9674.9,3451.72,12016084,0.08,0.03,9764.64,3472.93,12128422,0.08,0.03,9772.63,3477.2,12240760,0.08,0.03,9776.11,3479.08,12336572,0.08,0.03,9777.64,3479.9,12432384,0.08,0.03,9778.3,3480.26,12528294,0.08,0.03,9778.6,3480.42,12624106,0.08,0.03
MANIPUR_IMPHALWEST,1205.41,286.13,559197,0.22,0.05,1183.63,276.93,564784,0.21,0.05,1170.59,272.59,570371,0.21,0.05,1164.86,270.7,575597,0.2,0.05,1162.38,269.88,580823,0.2,0.05,1161.3,269.52,586229,0.2,0.05,1160.83,269.36,591455,0.2,0.05
MEGHALAYA_EASTKHASIHILLS,3385.52,794.01,895439,0.38,0.09,3463.61,809.27,904327,0.38,0.09,3463.22,809.37,913215,0.38,0.09,3463.24,809.38,921547,0.38,0.09,3463.24,809.38,930157,0.37,0.09,3463.24,809.38,938489,0.37,0.09,3463.24,809.38,947099,0.37,0.09
MEGHALAYA_RIBHOI,1202.38,358.11,280763,0.43,0.13,1238.42,369.65,283550,0.44,0.13,1239.17,369.8,286337,0.43,0.13,1239.18,369.81,288950,0.43,0.13,1239.18,369.81,291650,0.42,0.13,1239.18,369.81,294263,0.42,0.13,1239.18,369.81,296963,0.42,0.12
MIZORAM_AIZAWL,1657.41,423,438669,0.38,0.1,1671.16,424.09,443041,0.38,0.1,1671.32,424.1,447413,0.37,0.09,1671.34,424.1,451424,0.37,0.09,1671.33,424.1,455435,0.37,0.09,1671.34,424.1,459807,0.36,0.09,1671.34,424.1,463818,0.36,0.09
MIZORAM_CHAMPHAI,1196.36,380.94,136114,0.88,0.28,1207.85,380.28,137471,0.88,0.28,1208.19,380.31,138828,0.87,0.27,1208.2,380.31,140073,0.86,0.27,1208.2,380.31,141318,0.85,0.27,1208.2,380.31,142675,0.85,0.27,1208.2,380.31,143920,0.84,0.26
MIZORAM_KOLASIB,976.86,369.12,90172,1.08,0.41,1004.22,373.52,91071,1.1,0.41,1006.06,374.45,91970,1.09,0.41,1006.8,374.85,92795,1.08,0.4,1007.08,375,93620,1.08,0.4,1007.2,375.07,94519,1.07,0.4,1007.25,375.1,95344,1.06,0.39
MIZORAM_LUNGLEI,1746.09,392.83,167293,1.04,0.23,1882.05,396.72,168960,1.11,0.23,1893.91,397.6,170627,1.11,0.23,1895.15,397.82,172157,1.1,0.23,1895.33,397.88,173687,1.09,0.23,1895.36,397.89,175354,1.08,0.23,1895.37,397.9,176884,1.07,0.22
NAGALAND_DIMAPUR,1285.35,221.56,412585,0.31,0.05,1305.8,228.05,416615,0.31,0.05,1306.08,228.09,420645,0.31,0.05,1306.08,228.09,424675,0.31,0.05,1306.08,228.09,428513,0.3,0.05,1306.08,228.09,432351,0.3,0.05,1306.08,228.09,436381,0.3,0.05
NAGALAND_WOKHA,708.33,225.33,180603,0.39,0.12,777.56,238.49,182367,0.43,0.13,781.54,239.23,184131,0.42,0.13,784.63,240.42,185895,0.42,0.13,787.35,241.69,187575,0.42,0.13,789.76,242.82,189255,0.42,0.13,791.87,243.81,191019,0.41,0.13
ODISHA_CUTTACK,1885.37,647.16,2724581,0.07,0.02,1855.56,631.93,2735873,0.07,0.02,1838.85,620.94,2747165,0.07,0.02,1828.4,614.17,2755213,0.07,0.02,1821.93,609.97,2763261,0.07,0.02,1817.91,607.37,2771309,0.07,0.02,1816.5,605.75,2779295,0.07,0.02
ODISHA_GANJAM,5113.79,1966.51,3662472,0.14,0.05,5187.62,1981,3677652,0.14,0.05,5189.15,1981.61,3692832,0.14,0.05,5189.41,1981.75,3703651,0.14,0.05,5189.48,1981.79,3714470,0.14,0.05,5189.5,1981.81,3725289,0.14,0.05,5189.51,1981.81,3736024,0.14,0.05
ODISHA_JHARSUGUDA,534.46,381.52,602927,0.09,0.06,517.67,374.79,605426,0.09,0.06,507.95,370.15,607925,0.08,0.06,507.57,366.07,609706,0.08,0.06,507.69,362.49,611487,0.08,0.06,508.08,359.35,613268,0.08,0.06,508.46,356.59,615035,0.08,0.06
ODISHA_KHORDHA,1217.23,499.2,2337163,0.05,0.02,1215.23,488.78,2346850,0.05,0.02,1215.7,488.76,2356537,0.05,0.02,1215.71,488.76,2363441,0.05,0.02,1215.71,488.76,2370345,0.05,0.02,1215.71,488.76,2377249,0.05,0.02,1215.71,488.76,2384099,0.05,0.02
ODISHA_PURI,2518.62,562.58,1766633,0.14,0.03,2589.55,575.17,1773955,0.15,0.03,2589.85,575.23,1781277,0.15,0.03,2589.85,575.23,1786495,0.14,0.03,2589.85,575.23,1791713,0.14,0.03,2589.85,575.23,1796931,0.14,0.03,2589.85,575.23,1802109,0.14,0.03
ODISHA_RAYAGADA,1663.49,977.99,1000850,0.17,0.1,1692.64,981.26,1004998,0.17,0.1,1690.97,979.88,1009146,0.17,0.1,1689.01,978.99,1012102,0.17,0.1,1687.91,978.49,1015058,0.17,0.1,1687.32,978.22,1018014,0.17,0.1,1687,978.08,1020947,0.17,0.1
ODISHA_SAMBALPUR,1593.05,596.2,1086637,0.15,0.05,1596.34,596.99,1091141,0.15,0.05,1596.35,596.99,1095645,0.15,0.05,1596.35,596.99,1098855,0.15,0.05,1596.35,596.99,1102065,0.14,0.05,1596.35,596.99,1105275,0.14,0.05,1596.35,596.99,1108460,0.14,0.05
ODISHA_SUNDARGARH,3057.56,1345.98,2164785,0.14,0.06,3052.75,1343.28,2173757,0.14,0.06,3052.86,1343.41,2182729,0.14,0.06,3052.92,1343.48,2189124,0.14,0.06,3052.92,1343.51,2195519,0.14,0.06,3052.92,1343.52,2201914,0.14,0.06,3052.91,1343.52,2208259,0.14,0.06
PUNJAB_AMRITSAR,3345.52,1232.14,2779388,0.12,0.04,3347.34,1231.54,2812004,0.12,0.04,3348.44,1231.88,2846921,0.12,0.04,3348.62,1231.93,2872611,0.12,0.04,3348.69,1231.95,2900614,0.12,0.04,3348.71,1231.96,2928617,0.11,0.04,3348.72,1231.96,2956620,0.11,0.04
PUNJAB_BATHINDA,1951.51,709.08,1549716,0.13,0.05,1942.96,711.29,1567902,0.12,0.05,1942.68,710.86,1587371,0.12,0.04,1942.73,710.95,1601695,0.12,0.04,1942.72,710.93,1617309,0.12,0.04,1942.72,710.93,1632923,0.12,0.04,1942.72,710.93,1648537,0.12,0.04
PUNJAB_FARIDKOT,1117.85,409.92,689584,0.16,0.06,1121.52,411.67,697676,0.16,0.06,1121.94,411.97,706339,0.16,0.06,1122,412.02,712713,0.16,0.06,1122.02,412.03,719661,0.16,0.06,1122.02,412.03,726609,0.15,0.06,1122.02,412.03,733557,0.15,0.06
PUNJAB_FATEHGARHSAHIB,585.44,172.71,669286,0.09,0.03,561.56,168.94,677140,0.08,0.02,561.1,168.92,685548,0.08,0.02,561.1,168.93,691734,0.08,0.02,561.09,168.93,698477,0.08,0.02,561.09,168.93,705220,0.08,0.02,561.09,168.93,711963,0.08,0.02
PUNJAB_GURDASPUR,2460.89,1184.86,2565299,0.1,0.05,2461.82,1184.62,2595403,0.09,0.05,2461.82,1184.62,2627631,0.09,0.05,2461.82,1184.62,2651342,0.09,0.04,2461.82,1184.62,2677188,0.09,0.04,2461.82,1184.62,2703034,0.09,0.04,2461.82,1184.62,2728880,0.09,0.04
PUNJAB_HOSHIARPUR,1652.12,680.16,1766112,0.09,0.04,1655.43,679.88,1786838,0.09,0.04,1655.43,679.88,1809026,0.09,0.04,1655.43,679.88,1825350,0.09,0.04,1655.43,679.88,1843144,0.09,0.04,1655.43,679.88,1860938,0.09,0.04,1655.43,679.88,1878732,0.09,0.04
PUNJAB_JALANDHAR,2832.53,970.17,2434443,0.12,0.04,2838.32,978.83,2463011,0.12,0.04,2836.68,976.71,2493595,0.11,0.04,2837.06,977.21,2516097,0.11,0.04,2836.96,977.09,2540624,0.11,0.04,2836.99,977.12,2565151,0.11,0.04,2836.98,977.11,2589678,0.11,0.04
PUNJAB_LUDHIANA,4663.66,1579.72,3891852,0.12,0.04,4669.81,1583.33,3937523,0.12,0.04,4671.83,1584.01,3986416,0.12,0.04,4672.43,1584.19,4022389,0.12,0.04,4672.61,1584.24,4061600,0.12,0.04,4672.66,1584.26,4100811,0.11,0.04,4672.67,1584.26,4140022,0.11,0.04
PUNJAB_MOGA,947.05,441.18,1107216,0.09,0.04,953.39,443.97,1120209,0.09,0.04,954.19,444.14,1134119,0.08,0.04,954.53,444.1,1144353,0.08,0.04,954.8,444.06,1155508,0.08,0.04,955.04,444.02,1166663,0.08,0.04,955.26,443.98,1177818,0.08,0.04
PUNJAB_PATIALA,2379.75,928.23,2111447,0.11,0.04,2389.87,929.12,2136225,0.11,0.04,2391.14,929.34,2162751,0.11,0.04,2391.28,929.37,2182267,0.11,0.04,2391.3,929.37,2203540,0.11,0.04,2391.3,929.37,2224813,0.11,0.04,2391.3,929.37,2246086,0.11,0.04
PUNJAB_RUPNAGAR,965.02,448.88,762497,0.13,0.06,972.77,445.99,771445,0.13,0.06,972.98,445.91,781024,0.12,0.06,972.99,445.9,788072,0.12,0.06,972.99,445.9,795754,0.12,0.06,972.99,445.9,803436,0.12,0.06,972.99,445.9,811118,0.12,0.05
PUNJAB_SAHIBZADAAJITSINGHNAGAR,884.22,341.96,685519,0.13,0.05,884.88,339.97,693564,0.13,0.05,885.02,339.95,702176,0.13,0.05,885.02,339.95,708512,0.12,0.05,885.02,339.95,715419,0.12,0.05,885.02,339.95,722326,0.12,0.05,885.02,339.95,729233,0.12,0.05
PUNJAB_SANGRUR,1967.5,694.42,1846021,0.11,0.04,1948.15,693.4,1867684,0.1,0.04,1947.92,693.38,1890875,0.1,0.04,1947.92,693.38,1907938,0.1,0.04,1947.92,693.38,1926537,0.1,0.04,1947.92,693.38,1945136,0.1,0.04,1947.92,693.38,1963735,0.1,0.04
RAJASTHAN_ALWAR,8755.33,3743.71,4138901,0.21,0.09,8754.64,3743.85,4192951,0.21,0.09,8754.58,3743.92,4246948,0.21,0.09,8754.55,3743.93,4293660,0.2,0.09,8754.54,3743.94,4340372,0.2,0.09,8754.54,3743.94,4387084,0.2,0.09,8754.54,3743.94,4433849,0.2,0.08
RAJASTHAN_BUNDI,1649.5,366.08,1255338,0.13,0.03,1620.91,359.89,1271732,0.13,0.03,1617.43,359.1,1288109,0.13,0.03,1614.38,358.4,1302277,0.12,0.03,1611.69,357.78,1316445,0.12,0.03,1610.91,357.24,1330613,0.12,0.03,1610.42,356.76,1344797,0.12,0.03
RAJASTHAN_JAIPUR,13723.08,4892.44,7511307,0.18,0.07,13849.83,4919.72,7609398,0.18,0.06,13858.63,4924.26,7707392,0.18,0.06,13863.07,4926.64,7792164,0.18,0.06,13865.41,4927.91,7876936,0.18,0.06,13866.65,4928.58,7961708,0.17,0.06,13867.32,4928.93,8046578,0.17,0.06
RAJASTHAN_JODHPUR,3647.55,903.11,4154323,0.09,0.02,3653.02,904.16,4208575,0.09,0.02,3652.91,903.5,4262773,0.09,0.02,3652.87,903.34,4309659,0.08,0.02,3652.86,903.29,4356545,0.08,0.02,3652.86,903.28,4403431,0.08,0.02,3652.86,903.28,4450370,0.08,0.02
RAJASTHAN_KOTA,2773.58,852.98,2198500,0.13,0.04,2764.8,861.01,2227210,0.12,0.04,2764.86,861.04,2255892,0.12,0.04,2764.86,861.04,2280704,0.12,0.04,2764.86,861.04,2305516,0.12,0.04,2764.86,861.04,2330328,0.12,0.04,2764.86,861.04,2355169,0.12,0.04
RAJASTHAN_UDAIPUR,5359.28,2449.99,3457593,0.16,0.07,5438.97,2457.61,3502746,0.16,0.07,5434.3,2453.61,3547854,0.15,0.07,5432.2,2451.86,3586876,0.15,0.07,5431.28,2451.1,3625898,0.15,0.07,5430.88,2450.77,3664920,0.15,0.07,5430.71,2450.63,3703987,0.15,0.07
TAMILNADU_CHENNAI,6714.06,2782.83,4909846,0.14,0.06,6732.73,2784.19,4932701,0.14,0.06,6733.68,2784.18,4955492,0.14,0.06,6733.82,2784.19,4970301,0.14,0.06,6733.83,2784.19,4985110,0.14,0.06,6733.83,2784.19,4999919,0.13,0.06,6733.83,2784.19,5014663,0.13,0.06
TAMILNADU_COIMBATORE,3903.85,1840.21,3642277,0.11,0.05,3903.42,1841.42,3659231,0.11,0.05,3903.61,1841.46,3676138,0.11,0.05,3903.65,1841.47,3687124,0.11,0.05,3903.66,1841.48,3698110,0.11,0.05,3903.66,1841.48,3709096,0.11,0.05,3903.66,1841.48,3720034,0.1,0.05
TAMILNADU_CUDDALORE,3977.63,1363.57,2727982,0.15,0.05,3967.42,1362.69,2740680,0.14,0.05,3967.24,1362.67,2753343,0.14,0.05,3967.24,1362.67,2761571,0.14,0.05,3967.24,1362.67,2769799,0.14,0.05,3967.24,1362.67,2778027,0.14,0.05,3967.24,1362.67,2786219,0.14,0.05
TAMILNADU_MADURAI,4052.94,1558.1,3189650,0.13,0.05,4073.42,1562.15,3204497,0.13,0.05,4074.21,1562.35,3219303,0.13,0.05,4074.5,1562.42,3228923,0.13,0.05,4074.61,1562.45,3238543,0.13,0.05,4074.67,1562.47,3248163,0.13,0.05,4074.69,1562.47,3257742,0.13,0.05
TAMILNADU_SALEM,3684.89,1602.35,3650071,0.1,0.04,3669.36,1597.33,3667062,0.1,0.04,3665.98,1595.46,3684005,0.1,0.04,3664.09,1594.43,3695014,0.1,0.04,3663.07,1593.87,3706023,0.1,0.04,3662.5,1593.57,3717032,0.1,0.04,3662.19,1593.4,3727993,0.1,0.04
TAMILNADU_TIRUCHIRAPPALLI,3593.48,1594.75,2846480,0.13,0.06,3591.48,1593.39,2859730,0.13,0.06,3591.42,1593.37,2872943,0.13,0.06,3591.42,1593.37,2881528,0.12,0.06,3591.42,1593.37,2890113,0.12,0.06,3591.42,1593.37,2898698,0.12,0.05,3591.42,1593.37,2907246,0.12,0.05
TELANGANA_HYDERABAD,5887.32,2174.18,4264113,0.14,0.05,5903.91,2179.3,4293098,0.14,0.05,5908.41,2181.32,4321968,0.14,0.05,5910.87,2182.4,4342819,0.14,0.05,5912.01,2182.93,4363784,0.14,0.05,5912.59,2183.2,4384635,0.13,0.05,5912.86,2183.33,4405486,0.13,0.05
TELANGANA_KARIMNAGAR,1695.48,332.78,4053046,0.04,0.01,1658.56,333.02,4080596,0.04,0.01,1658.53,333.09,4108037,0.04,0.01,1658.54,333.1,4127856,0.04,0.01,1658.54,333.1,4147784,0.04,0.01,1658.54,333.1,4167603,0.04,0.01,1658.54,333.1,4187422,0.04,0.01
TELANGANA_KHAMMAM,1857.21,1016.19,2975359,0.06,0.03,1853.91,1017.19,2995584,0.06,0.03,1853.88,1017.24,3015729,0.06,0.03,1853.89,1017.23,3030278,0.06,0.03,1853.89,1017.23,3044907,0.06,0.03,1853.89,1017.23,3059456,0.06,0.03,1853.89,1017.23,3074005,0.06,0.03
TELANGANA_MEDAK,2574.2,1416.38,3223818,0.08,0.04,2587.22,1418.58,3245732,0.08,0.04,2587.27,1418.58,3267559,0.08,0.04,2587.27,1418.58,3283323,0.08,0.04,2587.27,1418.58,3299174,0.08,0.04,2587.27,1418.58,3314938,0.08,0.04,2587.27,1418.58,3330702,0.08,0.04
TELANGANA_NALGONDA,1773.08,1110.2,3704187,0.05,0.03,1773.69,1109.22,3729366,0.05,0.03,1773.71,1109.22,3754445,0.05,0.03,1773.71,1109.22,3772558,0.05,0.03,1773.71,1109.22,3790770,0.05,0.03,1773.71,1109.22,3808883,0.05,0.03,1773.71,1109.22,3826996,0.05,0.03
TELANGANA_NIZAMABAD,1962.21,1252.9,2713637,0.07,0.05,1964.6,1259.14,2732083,0.07,0.05,1963.79,1259.39,2750456,0.07,0.05,1963.53,1259.47,2763725,0.07,0.05,1963.43,1259.51,2777067,0.07,0.05,1963.38,1259.53,2790336,0.07,0.05,1963.36,1259.53,2803605,0.07,0.04
TELANGANA_SANGAREDDY,5600.7,2348.95,16290936,0.03,0.01,5617.05,2350.68,16401672,0.03,0.01,5617.03,2350.68,16511971,0.03,0.01,5617.03,2350.68,16591631,0.03,0.01,5617.03,2350.68,16671729,0.03,0.01,5617.03,2350.68,16751389,0.03,0.01,5617.03,2350.68,16831049,0.03,0.01
TELANGANA_WARANGALURBAN,1974.83,959.64,3745654,0.05,0.03,1973.02,962.19,3771115,0.05,0.03,1972.62,962.91,3796475,0.05,0.03,1972.46,963.19,3814791,0.05,0.03,1972.4,963.31,3833207,0.05,0.03,1972.37,963.35,3851523,0.05,0.03,1972.36,963.37,3869839,0.05,0.02
UTTARAKHAND_DEHRADUN,2609.71,658.92,1876232,0.14,0.04,2680.92,666.63,1897957,0.14,0.04,2681.06,666.65,1919682,0.14,0.03,2681.05,666.65,1939723,0.14,0.03,2681.05,666.65,1959764,0.14,0.03,2681.05,666.65,1979636,0.14,0.03,2681.05,666.65,1999677,0.13,0.03
UTTARAKHAND_NAINITAL,2135.09,597.86,1055036,0.2,0.06,2225.55,620.76,1067252,0.21,0.06,2225.69,620.79,1079468,0.21,0.06,2225.69,620.79,1090737,0.2,0.06,2225.69,620.79,1102006,0.2,0.06,2225.69,620.79,1113180,0.2,0.06,2225.69,620.79,1124449,0.2,0.06
UTTARAKHAND_RUDRAPRAYAG,1016.8,211.82,261632,0.39,0.08,1044.58,231.34,264661,0.39,0.09,1044.74,231.81,267690,0.39,0.09,1044.91,232.23,270485,0.39,0.09,1045.08,232.59,273280,0.38,0.09,1045.27,232.92,276051,0.38,0.08,1045.46,233.2,278846,0.37,0.08
UTTARPRADESH_AGRA,5819.73,1814.86,4932565,0.12,0.04,5927.85,1828.73,4997549,0.12,0.04,5919.08,1824.17,5062533,0.12,0.04,5914.42,1821.89,5114933,0.12,0.04,5912.14,1820.77,5167333,0.11,0.04,5911.02,1820.23,5219755,0.11,0.03,5910.47,1819.96,5272155,0.11,0.03
UTTARPRADESH_ALLAHABAD,7025.56,3505.46,6710454,0.1,0.05,7139.89,3519.9,6798861,0.11,0.05,7137.21,3517.88,6887268,0.1,0.05,7136.28,3517.38,6958555,0.1,0.05,7136.01,3517.27,7029842,0.1,0.05,7135.93,3517.25,7101158,0.1,0.05,7135.91,3517.25,7172445,0.1,0.05
UTTARPRADESH_BAREILLY,4838.29,2704.61,5027771,0.1,0.05,4948.69,2730.18,5094010,0.1,0.05,4949.25,2730.29,5160249,0.1,0.05,4949.25,2730.29,5213660,0.09,0.05,4949.25,2730.29,5267071,0.09,0.05,4949.25,2730.29,5320504,0.09,0.05,4949.25,2730.29,5373915,0.09,0.05
UTTARPRADESH_BULANDSHAHR,5940.19,2434.1,3939158,0.15,0.06,6060.07,2455.3,3991055,0.15,0.06,6060.74,2455.5,4042952,0.15,0.06,6060.68,2455.46,4084799,0.15,0.06,6060.7,2455.47,4126646,0.15,0.06,6060.69,2455.47,4168510,0.15,0.06,6060.69,2455.47,4210357,0.14,0.06
UTTARPRADESH_FIROZABAD,3434.88,1237.26,2811237,0.12,0.04,3471.14,1275.24,2848274,0.12,0.04,3472.73,1278.77,2885311,0.12,0.04,3473.06,1279.68,2915175,0.12,0.04,3473.12,1279.93,2945039,0.12,0.04,3473.13,1280,2974916,0.12,0.04,3473.13,1280.02,3004780,0.12,0.04
UTTARPRADESH_GHAZIABAD,8465.22,2827.08,5248581,0.16,0.05,8471.38,2831.4,5317729,0.16,0.05,8472.2,2831.81,5386877,0.16,0.05,8472.33,2831.87,5442634,0.16,0.05,8472.35,2831.88,5498391,0.15,0.05,8472.35,2831.88,5554171,0.15,0.05,8472.35,2831.88,5609928,0.15,0.05
UTTARPRADESH_GORAKHPUR,3806.17,2260.48,4995036,0.08,0.05,3815.43,2259.94,5060843,0.08,0.04,3795.07,2248.92,5126650,0.07,0.04,3789.03,2241.93,5179713,0.07,0.04,3786.03,2237.44,5232776,0.07,0.04,3784.66,2234.55,5285862,0.07,0.04,3784.3,2232.67,5338925,0.07,0.04
UTTARPRADESH_JHANSI,2530.13,1265.72,2252757,0.11,0.06,2582.76,1293.91,2282436,0.11,0.06,2583.64,1294.41,2312115,0.11,0.06,2583.78,1294.49,2336047,0.11,0.06,2583.81,1294.51,2359979,0.11,0.05,2583.82,1294.52,2383921,0.11,0.05,2583.82,1294.52,2407853,0.11,0.05
UTTARPRADESH_KANPURNAGAR,5454.13,2413.75,5148931,0.11,0.05,5613.03,2451.78,5216766,0.11,0.05,5622.11,2456.81,5284601,0.11,0.05,5626.65,2459.49,5339299,0.11,0.05,5629.13,2460.96,5393997,0.1,0.05,5630.48,2461.76,5448718,0.1,0.05,5631.21,2462.19,5503416,0.1,0.04
UTTARPRADESH_LUCKNOW,7802.34,3303.92,5166385,0.15,0.06,7955.21,3339.62,5234450,0.15,0.06,7919.48,3334.38,5302515,0.15,0.06,7935.96,3338.06,5357399,0.15,0.06,7926.24,3336.49,5412283,0.15,0.06,7931.14,3337.36,5467190,0.15,0.06,7928.65,3336.94,5522074,0.14,0.06
UTTARPRADESH_MATHURA,3495.65,1551.32,2862052,0.12,0.05,3469.81,1552.91,2899758,0.12,0.05,3469.91,1552.81,2937464,0.12,0.05,3469.94,1552.79,2967868,0.12,0.05,3469.97,1552.78,2998272,0.12,0.05,3469.97,1552.77,3028689,0.11,0.05,3469.98,1552.77,3059093,0.11,0.05
UTTARPRADESH_MEERUT,5948.48,2833.25,3881617,0.15,0.07,6062.92,2854.23,3932756,0.15,0.07,6063.23,2854.23,3983895,0.15,0.07,6063.19,2854.23,4025130,0.15,0.07,6063.18,2854.22,4066365,0.15,0.07,6063.18,2854.22,4107618,0.15,0.07,6063.18,2854.22,4148853,0.15,0.07
UTTARPRADESH_MORADABAD,4242.37,2180.71,5374330,0.08,0.04,4352.75,2203.04,5445134,0.08,0.04,4353.03,2203.28,5515938,0.08,0.04,4352.88,2203.32,5573031,0.08,0.04,4352.79,2203.32,5630124,0.08,0.04,4352.76,2203.33,5687241,0.08,0.04,4352.74,2203.33,5744334,0.08,0.04
UTTARPRADESH_SAHARANPUR,4992.64,2389.25,3900557,0.13,0.06,5139.53,2412.03,3951945,0.13,0.06,5137.46,2411.61,4003333,0.13,0.06,5136.16,2411.34,4044769,0.13,0.06,5135.79,2411.26,4086205,0.13,0.06,5135.59,2411.22,4127659,0.12,0.06,5135.53,2411.21,4169095,0.12,0.06
UTTARPRADESH_SONBHADRA,1810.87,1125.41,2097217,0.09,0.05,1787.2,1148.95,2124847,0.08,0.05,1787.51,1148.79,2152477,0.08,0.05,1787.63,1148.66,2174756,0.08,0.05,1787.7,1148.59,2197035,0.08,0.05,1787.75,1148.54,2219324,0.08,0.05,1787.78,1148.52,2241603,0.08,0.05
UTTARPRADESH_UNNAO,3594.38,1880,3502386,0.1,0.05,3736.23,1908.27,3548528,0.11,0.05,3736.97,1908.96,3594670,0.1,0.05,3736.92,1908.78,3631877,0.1,0.05,3736.94,1908.83,3669084,0.1,0.05,3736.93,1908.82,3706306,0.1,0.05,3736.93,1908.82,3743513,0.1,0.05
UTTARPRADESH_VARANASI,4380.26,1867.77,4145977,0.11,0.05,4506.69,1895.06,4200598,0.11,0.05,4508.1,1895.2,4255219,0.11,0.04,4508.44,1895.22,4299263,0.1,0.04,4508.56,1895.22,4343307,0.1,0.04,4508.61,1895.22,4387369,0.1,0.04,4508.63,1895.22,4431413,0.1,0.04
WESTBENGAL_BANKURA,3925.67,1992.34,3870696,0.1,0.05,3966.91,2005.27,3900599,0.1,0.05,3973.44,2010.11,3930795,0.1,0.05,3978.12,2011.71,3959232,0.1,0.05,3979.08,2012.73,3987962,0.1,0.05,3980.19,2013,4016692,0.1,0.05,3980.28,2013.23,4045129,0.1,0.05
WESTBENGAL_MURSHIDABAD,5815.41,3638.26,7644361,0.08,0.05,5799.06,3643.55,7703418,0.08,0.05,5795.41,3647.25,7763054,0.07,0.05,5792.67,3650.55,7819216,0.07,0.05,5790.26,3653.47,7875957,0.07,0.05,5788.12,3656.05,7932698,0.07,0.05,5786.24,3658.34,7988860,0.07,0.05
WESTBENGAL_NADIA,3919.88,1649.36,5562856,0.07,0.03,3914.3,1648.25,5605832,0.07,0.03,3914.14,1648.2,5649229,0.07,0.03,3914.14,1648.2,5690098,0.07,0.03,3914.14,1648.2,5731389,0.07,0.03,3914.14,1648.2,5772680,0.07,0.03,3914.14,1648.2,5813549,0.07,0.03
WESTBENGAL_PURBAMEDINIPUR,3411.71,2188.13,5482940,0.06,0.04,3458.77,2200.9,5525299,0.06,0.04,3459.18,2201.13,5568073,0.06,0.04,3459.19,2201.15,5608355,0.06,0.04,3459.19,2201.15,5649052,0.06,0.04,3459.19,2201.15,5689749,0.06,0.04,3459.19,2201.15,5730031,0.06,0.04
